Filename,Landmark_0_x,Landmark_0_y,Landmark_0_z,Landmark_1_x,Landmark_1_y,Landmark_1_z,Landmark_2_x,Landmark_2_y,Landmark_2_z,Landmark_3_x,Landmark_3_y,Landmark_3_z,Landmark_4_x,Landmark_4_y,Landmark_4_z,Landmark_5_x,Landmark_5_y,Landmark_5_z,Landmark_6_x,Landmark_6_y,Landmark_6_z,Landmark_7_x,Landmark_7_y,Landmark_7_z,Landmark_8_x,Landmark_8_y,Landmark_8_z,Landmark_9_x,Landmark_9_y,Landmark_9_z,Landmark_10_x,Landmark_10_y,Landmark_10_z,Landmark_11_x,Landmark_11_y,Landmark_11_z,Landmark_12_x,Landmark_12_y,Landmark_12_z,Landmark_13_x,Landmark_13_y,Landmark_13_z,Landmark_14_x,Landmark_14_y,Landmark_14_z,Landmark_15_x,Landmark_15_y,Landmark_15_z,Landmark_16_x,Landmark_16_y,Landmark_16_z,Landmark_17_x,Landmark_17_y,Landmark_17_z,Landmark_18_x,Landmark_18_y,Landmark_18_z,Landmark_19_x,Landmark_19_y,Landmark_19_z,Landmark_20_x,Landmark_20_y,Landmark_20_z,Landmark_21_x,Landmark_21_y,Landmark_21_z,Landmark_22_x,Landmark_22_y,Landmark_22_z,Landmark_23_x,Landmark_23_y,Landmark_23_z,Landmark_24_x,Landmark_24_y,Landmark_24_z,Landmark_25_x,Landmark_25_y,Landmark_25_z,Landmark_26_x,Landmark_26_y,Landmark_26_z,Landmark_27_x,Landmark_27_y,Landmark_27_z,Landmark_28_x,Landmark_28_y,Landmark_28_z,Landmark_29_x,Landmark_29_y,Landmark_29_z,Landmark_30_x,Landmark_30_y,Landmark_30_z,Landmark_31_x,Landmark_31_y,Landmark_31_z,Landmark_32_x,Landmark_32_y,Landmark_32_z
1.png,0.5005420446395874,0.2272869050502777,0.13079626858234406,0.5092267394065857,0.2170480191707611,0.0757046565413475,0.51011723279953,0.2164338380098343,0.07558061182498932,0.5110679864883423,0.2159474641084671,0.07553806155920029,0.511764407157898,0.21758441627025604,0.13759315013885498,0.5142518877983093,0.2173176109790802,0.13763602077960968,0.5167725086212158,0.21714766323566437,0.13756264746189117,0.5255098342895508,0.21782512962818146,-0.0757339745759964,0.5329689383506775,0.22032853960990906,0.2045646607875824,0.5020828247070312,0.2343200147151947,0.08452592045068741,0.5056096315383911,0.23526214063167572,0.16510406136512756,0.5176657438278198,0.25421029329299927,-0.27871808409690857,0.5848325490951538,0.29865866899490356,0.37864452600479126,0.4527241885662079,0.30657580494880676,-0.38289985060691833,0.6275387406349182,0.3704536557197571,0.5964609384536743,0.3425024151802063,0.3203086256980896,-0.26508763432502747,0.5483332276344299,0.41786786913871765,0.687937319278717,0.31968507170677185,0.3254695534706116,-0.2968745529651642,0.5391983985900879,0.4244174659252167,0.7167474031448364,0.31912946701049805,0.3229711651802063,-0.28591203689575195,0.5303107500076294,0.4184896945953369,0.6615484356880188,0.3296099901199341,0.32311901450157166,-0.2531040906906128,0.5318205952644348,0.41684281826019287,0.6643723845481873,0.5202819108963013,0.4752129316329956,-0.19807930290699005,0.5191723704338074,0.4763265550136566,0.19761501252651215,0.527100682258606,0.6282010078430176,-0.36020419001579285,0.3323860764503479,0.5047124624252319,0.07027146965265274,0.5544170141220093,0.7783247232437134,-0.28660279512405396,0.3724697530269623,0.6421704888343811,0.2541040778160095,0.5639433264732361,0.7783030867576599,-0.2829349935054779,0.41010069847106934,0.6673257350921631,0.2693312466144562,0.5234919190406799,0.7815200686454773,-0.4403665065765381,0.32931625843048096,0.6990549564361572,0.2156936079263687
10.png,0.5544377565383911,0.20487681031227112,-0.024951552972197533,0.5679904818534851,0.1955500841140747,-0.05715914070606232,0.5712683200836182,0.19572624564170837,-0.05713189020752907,0.5749688148498535,0.1958491951227188,-0.05705282464623451,0.5649659633636475,0.19543412327766418,0.003599798073992133,0.565798819065094,0.1956193596124649,0.003547989297658205,0.5668835043907166,0.1957416832447052,0.0034128224942833185,0.5978320240974426,0.20286241173744202,-0.1213272288441658,0.5887954235076904,0.20376618206501007,0.15574172139167786,0.5622676014900208,0.21743640303611755,-0.043186258524656296,0.5562543869018555,0.21731768548488617,0.036434777081012726,0.6334906816482544,0.25456830859184265,-0.2836238741874695,0.573483407497406,0.2823612093925476,0.36204367876052856,0.5034003853797913,0.2152242809534073,-0.39663681387901306,0.4409255385398865,0.2862393856048584,0.440787136554718,0.4257180392742157,0.16434723138809204,-0.2050238698720932,0.44400525093078613,0.1930922269821167,0.32666295766830444,0.4018247127532959,0.14408588409423828,-0.2388177514076233,0.4403882324695587,0.1696697473526001,0.28286728262901306,0.41566216945648193,0.14541423320770264,-0.23873969912528992,0.44973066449165344,0.16826662421226501,0.2901284396648407,0.422593891620636,0.15286558866500854,-0.20105354487895966,0.4514780044555664,0.17576465010643005,0.3150816857814789,0.5768892765045166,0.4779759347438812,-0.21130524575710297,0.543860673904419,0.47168421745300293,0.2109513282775879,0.43870311975479126,0.6067140102386475,-0.22793136537075043,0.4241429567337036,0.5763760209083557,0.08724389225244522,0.48202329874038696,0.7476078867912292,-0.09200280904769897,0.4610826075077057,0.7408695816993713,0.20081272721290588,0.5174802541732788,0.7611557841300964,-0.08070774376392365,0.493513286113739,0.7676008939743042,0.20660445094108582,0.38551798462867737,0.8115159869194031,-0.19625800848007202,0.36354467272758484,0.7853364944458008,0.1246907114982605
11.png,0.5825315713882446,0.14830824732780457,-0.023432297632098198,0.6021358966827393,0.139888197183609,-0.0776628628373146,0.6041272282600403,0.14053264260292053,-0.07769239693880081,0.6062290072441101,0.14119470119476318,-0.0777943804860115,0.6043887734413147,0.1386120319366455,-0.002421888755634427,0.6077823042869568,0.13841503858566284,-0.0023838661145418882,0.6112643480300903,0.13829094171524048,-0.002447343897074461,0.6276402473449707,0.15181288123130798,-0.20202267169952393,0.6314248442649841,0.14877289533615112,0.13128414750099182,0.581355631351471,0.16075780987739563,-0.062392156571149826,0.5825909972190857,0.16033485531806946,0.03344837576150894,0.6235871911048889,0.22024133801460266,-0.39478805661201477,0.6069981455802917,0.22637006640434265,0.35995906591415405,0.45333829522132874,0.2581660747528076,-0.3100675046443939,0.4748620390892029,0.2441665679216385,0.5101630687713623,0.4940919876098633,0.18820834159851074,0.15493324398994446,0.4700964689254761,0.15134763717651367,0.573096752166748,0.4824976325035095,0.1601470708847046,0.1719830483198166,0.4504678249359131,0.13222932815551758,0.5822766423225403,0.511430561542511,0.15579044818878174,0.1359586864709854,0.46014076471328735,0.13140466809272766,0.5829749703407288,0.5127253532409668,0.16524413228034973,0.15619464218616486,0.4653460383415222,0.1410701870918274,0.5657774209976196,0.5932666063308716,0.4539332985877991,-0.2272455096244812,0.5474299788475037,0.43279939889907837,0.22743380069732666,0.5610495209693909,0.6298273205757141,-0.3473818600177765,0.29442524909973145,0.4262330234050751,0.1572960913181305,0.5785622596740723,0.8011908531188965,-0.19069628417491913,0.3469729423522949,0.572969913482666,0.4729153513908386,0.5843166708946228,0.8076081871986389,-0.18040043115615845,0.3768462538719177,0.5929921865463257,0.49892017245292664,0.5515875220298767,0.8040742874145508,-0.3626594543457031,0.2614060640335083,0.6251290440559387,0.4712718427181244
12.png,0.45244351029396057,0.17354390025138855,-0.028401851654052734,0.4760306775569916,0.16887322068214417,-0.0692015215754509,0.478937566280365,0.16983866691589355,-0.06922391057014465,0.4822642505168915,0.17097273468971252,-0.06926695257425308,0.4755409359931946,0.16826382279396057,0.006343697663396597,0.47773951292037964,0.16868454217910767,0.006379393860697746,0.4801473021507263,0.1691456139087677,0.006354356184601784,0.5020120739936829,0.18689435720443726,-0.15315492451190948,0.4974934160709381,0.1832764744758606,0.18441130220890045,0.44707074761390686,0.18630221486091614,-0.05587063729763031,0.4452969431877136,0.18615803122520447,0.04145254194736481,0.4815792739391327,0.23775985836982727,-0.3457297384738922,0.4159036874771118,0.2631440758705139,0.411126047372818,0.2877688407897949,0.23910166323184967,-0.390689492225647,0.250753790140152,0.2782857418060303,0.4114110469818115,0.29210203886032104,0.16879159212112427,-0.14134694635868073,0.24199973046779633,0.1919485628604889,0.22199584543704987,0.3016622066497803,0.14067566394805908,-0.17549364268779755,0.25220534205436707,0.15714481472969055,0.19550564885139465,0.3361966609954834,0.14877456426620483,-0.1980743259191513,0.27378737926483154,0.14831894636154175,0.20521429181098938,0.33021828532218933,0.15984466671943665,-0.14475324749946594,0.273379921913147,0.1683579981327057,0.2108050435781479,0.454988032579422,0.4796109199523926,-0.2166633903980255,0.3938797414302826,0.46418121457099915,0.21696899831295013,0.47216203808784485,0.6707755327224731,-0.3162962794303894,0.1483994424343109,0.4883401095867157,0.11915629357099533,0.4877294600009918,0.8504821062088013,-0.27264514565467834,0.29790186882019043,0.6253669857978821,0.40430766344070435,0.5056954026222229,0.863844633102417,-0.27767395973205566,0.33875226974487305,0.6381981372833252,0.42883598804473877,0.40902096033096313,0.865524411201477,-0.5263844728469849,0.2356889396905899,0.68546462059021,0.3744302988052368
13.png,0.6517534852027893,0.239874929189682,-0.017850587144494057,0.6692028641700745,0.23114976286888123,-0.04828375577926636,0.6724759340286255,0.23224441707134247,-0.048281826078891754,0.6758325099945068,0.23341631889343262,-0.04824094474315643,0.6669913530349731,0.23012390732765198,0.011018228717148304,0.668576717376709,0.23060175776481628,0.010996758006513119,0.6703124046325684,0.23121196031570435,0.010803627781569958,0.6997938752174377,0.247492253780365,-0.12224699556827545,0.6913157105445862,0.24373850226402283,0.1439100056886673,0.6546626687049866,0.2525542676448822,-0.041536662727594376,0.6509824395179749,0.25249579548835754,0.035225071012973785,0.7012845277786255,0.29154759645462036,-0.3113633394241333,0.6599224805831909,0.30446258187294006,0.3155704438686371,0.5727584958076477,0.2767249345779419,-0.45330601930618286,0.5600945949554443,0.2541630268096924,0.4211607277393341,0.4974548816680908,0.20722898840904236,-0.4134553074836731,0.508934497833252,0.16097740828990936,0.22505468130111694,0.48158472776412964,0.1895940601825714,-0.466183602809906,0.4754188060760498,0.15795740485191345,0.20158876478672028,0.4953470230102539,0.1843993365764618,-0.4580196142196655,0.4899483025074005,0.1329963207244873,0.16519665718078613,0.4977080225944519,0.19519706070423126,-0.4086172580718994,0.4973143935203552,0.13998833298683167,0.19901561737060547,0.6878364682197571,0.5172783136367798,-0.2082785665988922,0.6343778371810913,0.5013400912284851,0.20799462497234344,0.6713123321533203,0.6873449683189392,-0.38981398940086365,0.44437476992607117,0.4872227907180786,0.15034060180187225,0.6858668327331543,0.8717979788780212,-0.4535425305366516,0.38707804679870605,0.6189153790473938,0.3508988618850708,0.6983078122138977,0.8913437128067017,-0.4684005379676819,0.4020735025405884,0.6437063217163086,0.3646245300769806,0.6417821645736694,0.911948025226593,-0.6865088939666748,0.27679285407066345,0.6440020799636841,0.3311315178871155
14.png,0.6106916069984436,0.21405789256095886,-0.08586643636226654,0.6278254389762878,0.2061416506767273,-0.11363419890403748,0.6318223476409912,0.20694920420646667,-0.11366326361894608,0.6362419724464417,0.20798256993293762,-0.11371553689241409,0.6233126521110535,0.20569390058517456,-0.053019773215055466,0.623692512512207,0.20619699358940125,-0.052995529025793076,0.624131977558136,0.20674169063568115,-0.05308351293206215,0.657438337802887,0.2187356948852539,-0.17191217839717865,0.6400678157806396,0.21493229269981384,0.10249396413564682,0.6138149499893188,0.22723698616027832,-0.10462803393602371,0.6074599623680115,0.22709700465202332,-0.02588777244091034,0.6469213962554932,0.28571295738220215,-0.36582493782043457,0.6108402609825134,0.2823564410209656,0.29478588700294495,0.540535032749176,0.2339431643486023,-0.5009799599647522,0.5137820839881897,0.21287712454795837,0.4325588643550873,0.509816586971283,0.17925480008125305,-0.41097086668014526,0.46294161677360535,0.11307305097579956,0.3678392469882965,0.5113989114761353,0.15853853523731232,-0.45510050654411316,0.44405561685562134,0.08894208073616028,0.344382107257843,0.5261812806129456,0.155446857213974,-0.4658638536930084,0.4421449303627014,0.08391755819320679,0.3250589370727539,0.5280748605728149,0.1637929379940033,-0.41391581296920776,0.4478117823600769,0.09075513482093811,0.3458107113838196,0.6034538745880127,0.5212963223457336,-0.2264208048582077,0.5422962307929993,0.5022091269493103,0.22635239362716675,0.5812531113624573,0.6910430192947388,-0.33551621437072754,0.36293038725852966,0.5097219347953796,0.20931027829647064,0.59345543384552,0.8863503932952881,-0.3613035976886749,0.37513402104377747,0.6573385000228882,0.4903815686702728,0.6082701683044434,0.906470537185669,-0.3731001913547516,0.4012010097503662,0.6824910640716553,0.5118520259857178,0.5325907468795776,0.9460016489028931,-0.6124488115310669,0.30063360929489136,0.7092363834381104,0.4655042290687561
15.png,0.5988532900810242,0.22560156881809235,0.047274962067604065,0.6142177581787109,0.2159477174282074,-0.00728243961930275,0.6153297424316406,0.21648508310317993,-0.007305288687348366,0.6170682311058044,0.21705618500709534,-0.007382881361991167,0.6153624057769775,0.2156696319580078,0.06652044504880905,0.6173530220985413,0.2162257730960846,0.06659167259931564,0.6195278763771057,0.21694402396678925,0.0665537416934967,0.6350407004356384,0.23309332132339478,-0.13821941614151,0.641162097454071,0.23317095637321472,0.19335754215717316,0.5960378646850586,0.2382327914237976,0.004881684202700853,0.5966050028800964,0.23934006690979004,0.10013990104198456,0.5883457064628601,0.29253339767456055,-0.3377908170223236,0.5999444127082825,0.29992440342903137,0.39284050464630127,0.41044920682907104,0.24087661504745483,-0.29498234391212463,0.4799470007419586,0.24473005533218384,0.5364394187927246,0.4974493980407715,0.16966024041175842,0.11696727573871613,0.5125300288200378,0.16355475783348083,0.5963902473449707,0.5110251903533936,0.14838436245918274,0.11295859515666962,0.5278138518333435,0.1457127034664154,0.5850070714950562,0.537345826625824,0.1559273600578308,0.07515877485275269,0.545610249042511,0.1459149718284607,0.5841009020805359,0.5335704684257507,0.16218873858451843,0.11122766882181168,0.5441524982452393,0.1550695300102234,0.5818360447883606,0.5335066318511963,0.525352418422699,-0.2232941836118698,0.49445056915283203,0.5124807953834534,0.22309091687202454,0.5715485215187073,0.7101583480834961,-0.31354817748069763,0.19964191317558289,0.5259609222412109,0.0919070765376091,0.5768906474113464,0.8902504444122314,-0.3203340470790863,0.1664353907108307,0.6839703917503357,0.20497900247573853,0.5990633368492126,0.9111260175704956,-0.3258301615715027,0.17319583892822266,0.7184883952140808,0.2116553783416748,0.4857856035232544,0.944802463054657,-0.5220217108726501,0.0248834490776062,0.6876776814460754,0.17724615335464478
16.png,0.5305480360984802,0.19762299954891205,0.10144077986478806,0.5437047481536865,0.18837544322013855,0.05931689217686653,0.5468913912773132,0.188734233379364,0.05939675122499466,0.5505585670471191,0.18915721774101257,0.05933751165866852,0.5403392910957336,0.1879977285861969,0.13361971080303192,0.5408438444137573,0.18807843327522278,0.13365525007247925,0.5415788888931274,0.1882111132144928,0.13351261615753174,0.5745739936828613,0.19939443469047546,-0.04396896809339523,0.562054455280304,0.1985965073108673,0.2831648886203766,0.5349739789962769,0.20935872197151184,0.06653677672147751,0.5300209522247314,0.20965471863746643,0.16127827763557434,0.5859842896461487,0.24111831188201904,-0.25986993312835693,0.5078727006912231,0.28702062368392944,0.5367527008056641,0.4124842882156372,0.24517911672592163,-0.2623356282711029,0.33888256549835205,0.3118857443332672,0.7126169204711914,0.39994895458221436,0.18931668996810913,0.038401830941438675,0.3408104479312897,0.2120005488395691,0.7747296094894409,0.4038395285606384,0.165885329246521,0.0423554964363575,0.3440501093864441,0.18515491485595703,0.7785888910293579,0.4491797089576721,0.1632997691631317,0.004192274995148182,0.37839555740356445,0.17894116044044495,0.8290989995002747,0.4348204731941223,0.1736333668231964,0.03322217985987663,0.38088011741638184,0.186163067817688,0.7834592461585999,0.5895957946777344,0.4938482642173767,-0.23902127146720886,0.5303064584732056,0.4892900884151459,0.23940052092075348,0.516069233417511,0.6966546177864075,-0.32246512174606323,0.24152742326259613,0.5040834546089172,0.15981809794902802,0.5554149150848389,0.8809682130813599,-0.34788861870765686,0.4224920868873596,0.630088746547699,0.42162373661994934,0.5807559490203857,0.9090138673782349,-0.35827550292015076,0.4819369316101074,0.6473932266235352,0.4440298080444336,0.43111133575439453,0.9351614713668823,-0.5718132853507996,0.3565925061702728,0.7042929530143738,0.44163939356803894
17.png,0.5365073680877686,0.19012130796909332,0.086344875395298,0.560329794883728,0.17959606647491455,0.040208861231803894,0.5620242953300476,0.1805168092250824,0.040193505585193634,0.5639505982398987,0.18149441480636597,0.04011259973049164,0.5627598762512207,0.17867809534072876,0.11180469393730164,0.5658460855484009,0.17904189229011536,0.11180908977985382,0.5690488815307617,0.17947396636009216,0.11170101165771484,0.5819649696350098,0.1968061327934265,-0.07359542697668076,0.5860468745231628,0.19306209683418274,0.23901322484016418,0.533117413520813,0.20425432920455933,0.052750129252672195,0.5337445735931396,0.20511206984519958,0.14238205552101135,0.5634385943412781,0.2575320899486542,-0.2843278646469116,0.5786513686180115,0.27251946926116943,0.4716482162475586,0.38988035917282104,0.23988667130470276,-0.3121182322502136,0.4465038776397705,0.2565529942512512,0.6638493537902832,0.38200294971466064,0.1527433693408966,0.00319778174161911,0.4031761884689331,0.17149776220321655,0.6677038669586182,0.3758332133293152,0.1341921091079712,-0.019700059667229652,0.3966493606567383,0.14680412411689758,0.6725065112113953,0.3932659924030304,0.13248565793037415,-0.030022965744137764,0.4055154323577881,0.14327549934387207,0.64447420835495,0.3962932229042053,0.13754233717918396,0.009218307211995125,0.4067966938018799,0.15157300233840942,0.6499759554862976,0.5108165740966797,0.48614925146102905,-0.22186510264873505,0.5256726741790771,0.4969007968902588,0.22163519263267517,0.23943589627742767,0.4827335476875305,-0.12729066610336304,0.4964999854564667,0.6900936365127563,0.1200861930847168,0.28993138670921326,0.6563165187835693,0.17668142914772034,0.5279885530471802,0.8792294859886169,0.11629167944192886,0.31994640827178955,0.6823371648788452,0.21330201625823975,0.5594221353530884,0.9044424891471863,0.11532968282699585,0.2056068480014801,0.7094043493270874,0.2594534158706665,0.4693133533000946,0.9232748746871948,0.062256794422864914
18.png,0.5019763708114624,0.20037081837654114,-0.022632215172052383,0.5184599161148071,0.19212472438812256,-0.051704250276088715,0.5218607783317566,0.19267457723617554,-0.05167046934366226,0.5254700779914856,0.1931215226650238,-0.05164545774459839,0.5147479772567749,0.19144341349601746,0.010666226036846638,0.515190839767456,0.19156086444854736,0.010643686167895794,0.51564621925354,0.1915382742881775,0.010469947941601276,0.5466367602348328,0.20450922846794128,-0.1190752238035202,0.5332884192466736,0.20066505670547485,0.16447490453720093,0.5048264265060425,0.2159498631954193,-0.04425719380378723,0.49857988953590393,0.21517875790596008,0.036924704909324646,0.5740450620651245,0.266376793384552,-0.30152174830436707,0.5046161413192749,0.2684726119041443,0.3309966027736664,0.4358835220336914,0.20788151025772095,-0.43934395909309387,0.3861740827560425,0.21536138653755188,0.4305957555770874,0.43534037470817566,0.1039869487285614,-0.3006308972835541,0.4155910611152649,0.11436325311660767,0.3884269595146179,0.43746647238731384,0.06876581907272339,-0.3408052623271942,0.4220329821109772,0.09337112307548523,0.35957765579223633,0.4503970146179199,0.06635385751724243,-0.35792338848114014,0.45043089985847473,0.089292973279953,0.36929935216903687,0.449867308139801,0.07953378558158875,-0.3052510619163513,0.4322468042373657,0.0960792601108551,0.37909114360809326,0.5312216877937317,0.4972729980945587,-0.19611971080303192,0.4662069082260132,0.4787473976612091,0.195757195353508,0.5039900541305542,0.692926287651062,-0.2561376690864563,0.25610804557800293,0.5056383013725281,-0.06151391565799713,0.5764897465705872,0.8783606290817261,-0.22781506180763245,0.18010616302490234,0.6676648259162903,-0.0006731628673151135,0.6183826923370361,0.9027989506721497,-0.23469926416873932,0.1922953724861145,0.7135098576545715,-0.001149769057519734,0.48961296677589417,0.9294393062591553,-0.46548935770988464,0.057116683572530746,0.6563397645950317,-0.10824764519929886
19.png,0.45909929275512695,0.16129350662231445,-0.04633225500583649,0.47183260321617126,0.14632418751716614,-0.07629334926605225,0.47657743096351624,0.1451438069343567,-0.07634086161851883,0.4813178777694702,0.1439928263425827,-0.07624325901269913,0.4643874168395996,0.14815813302993774,-0.0186762697994709,0.463754266500473,0.14827322959899902,-0.018717782571911812,0.4626865088939667,0.14844539761543274,-0.01895131915807724,0.507941484451294,0.1497642695903778,-0.11331642419099808,0.48185408115386963,0.15386706590652466,0.14461146295070648,0.4698086082935333,0.17689594626426697,-0.05398281663656235,0.4601069688796997,0.17825359106063843,0.020576924085617065,0.5473177433013916,0.20430922508239746,-0.3269523084163666,0.509006679058075,0.24450179934501648,0.34434667229652405,0.4318355917930603,0.1640973836183548,-0.7402930855751038,0.4811422526836395,0.3385563790798187,0.5501965284347534,0.3497196435928345,0.13731864094734192,-0.857469916343689,0.41799381375312805,0.4211910367012024,0.5635945200920105,0.3025749921798706,0.12854638695716858,-0.9276424050331116,0.3969143033027649,0.445243775844574,0.5705705285072327,0.30968111753463745,0.13453230261802673,-0.8962002992630005,0.4023806154727936,0.44598644971847534,0.5180011987686157,0.3212364912033081,0.14453965425491333,-0.8499642610549927,0.4129878878593445,0.43771761655807495,0.5388363599777222,0.5351784825325012,0.49098503589630127,-0.21324965357780457,0.49305325746536255,0.48339685797691345,0.2124105542898178,0.5185855031013489,0.6946878433227539,-0.2914653420448303,0.24211740493774414,0.5120010375976562,0.06551112234592438,0.5624904036521912,0.9003427624702454,-0.14445653557777405,0.3135554790496826,0.6739457249641418,0.3076789677143097,0.5923609137535095,0.9286356568336487,-0.1345038264989853,0.36050522327423096,0.6988430023193359,0.32768625020980835,0.50242680311203,0.9629257917404175,-0.3071838319301605,0.24402225017547607,0.7394616603851318,0.2748599648475647
2.png,0.4918091297149658,0.2070852518081665,-0.17277762293815613,0.5050716400146484,0.19623929262161255,-0.18518026173114777,0.5103607177734375,0.1962321698665619,-0.18518590927124023,0.516044020652771,0.19625380635261536,-0.18517865240573883,0.49810299277305603,0.19529536366462708,-0.14409929513931274,0.497647225856781,0.19476014375686646,-0.14413559436798096,0.4970175623893738,0.1943502128124237,-0.14430589973926544,0.5440200567245483,0.20354411005973816,-0.19176580011844635,0.5107209086418152,0.2001526653766632,-0.006888343021273613,0.5029297471046448,0.21878889203071594,-0.17332854866981506,0.4934008717536926,0.2186344861984253,-0.1190396100282669,0.5806880593299866,0.2591153383255005,-0.3131844997406006,0.47233912348747253,0.2854187488555908,0.1441623419523239,0.5313196778297424,0.2397690862417221,-0.5621135234832764,0.3621909022331238,0.2500113248825073,0.24943356215953827,0.42498713731765747,0.16231274604797363,-0.7067257165908813,0.30999481678009033,0.17054378986358643,0.06793752312660217,0.4085920453071594,0.14020413160324097,-0.7765735387802124,0.2932503819465637,0.14859327673912048,0.03345611318945885,0.409617155790329,0.13494402170181274,-0.762219250202179,0.30256909132003784,0.14269262552261353,0.0076891640201210976,0.4105219542980194,0.14475664496421814,-0.7041292190551758,0.3122027516365051,0.14917853474617004,0.04708635434508324,0.552570641040802,0.5046011209487915,-0.17093683779239655,0.4901435673236847,0.49372798204421997,0.17101415991783142,0.5359514355659485,0.694126307964325,-0.32344451546669006,0.27719175815582275,0.49456408619880676,0.10909266769886017,0.5653026700019836,0.8841627240180969,-0.37731432914733887,0.26084160804748535,0.6540107727050781,0.3017026484012604,0.5837549567222595,0.9078869819641113,-0.3932325541973114,0.28808823227882385,0.6755247116088867,0.31489044427871704,0.5048786401748657,0.9610439538955688,-0.6078089475631714,0.16108807921409607,0.6662824153900146,0.27190521359443665
20.png,0.5431853532791138,0.17454513907432556,-0.08511750400066376,0.5661782622337341,0.16031292080879211,-0.12290598452091217,0.5730834007263184,0.1602323055267334,-0.12280094623565674,0.5803189873695374,0.1600635051727295,-0.12281811237335205,0.5578761696815491,0.16118782758712769,-0.056612301617860794,0.5585753917694092,0.16157373785972595,-0.05648835748434067,0.5593644976615906,0.16186416149139404,-0.05661045387387276,0.6203479170799255,0.16921526193618774,-0.18620041012763977,0.5965877771377563,0.17083486914634705,0.11555127799510956,0.557752251625061,0.19424283504486084,-0.10195063054561615,0.5453569889068604,0.19537970423698425,-0.01457936316728592,0.647730827331543,0.23076125979423523,-0.3813306391239166,0.5660654902458191,0.265468955039978,0.3492802381515503,0.4006929397583008,0.2039085328578949,-0.44501835107803345,0.3885325789451599,0.23662015795707703,0.39547470211982727,0.31057536602020264,0.13157877326011658,-0.19119150936603546,0.32782280445098877,0.15720263123512268,0.22071124613285065,0.29351797699928284,0.11056438088417053,-0.23019720613956451,0.30696961283683777,0.12558332085609436,0.16815531253814697,0.3085094094276428,0.10506990551948547,-0.23424819111824036,0.3188641369342804,0.12198027968406677,0.1667812317609787,0.31253743171691895,0.11173346638679504,-0.18951396644115448,0.3232377767562866,0.1337868869304657,0.2014026939868927,0.632269561290741,0.48677313327789307,-0.24832899868488312,0.557611882686615,0.4733538329601288,0.24792985618114471,0.5901866555213928,0.6992773413658142,-0.35583826899528503,0.27841928601264954,0.5028004050254822,0.13269685208797455,0.6355267763137817,0.8965001702308655,-0.33675840497016907,0.3290388584136963,0.6717033386230469,0.41930875182151794,0.6614533066749573,0.918907105922699,-0.34687256813049316,0.35540154576301575,0.7021325826644897,0.4423952102661133,0.5141961574554443,0.9443007707595825,-0.62941575050354,0.2091275304555893,0.7249840497970581,0.3914244472980499
21.png,0.5643249750137329,0.17026053369045258,0.05933284014463425,0.581476092338562,0.16041338443756104,0.018159009516239166,0.5849429965019226,0.16050732135772705,0.01819140836596489,0.5884690880775452,0.16060423851013184,0.018120503053069115,0.5792856812477112,0.16130873560905457,0.09238626062870026,0.5810800194740295,0.16212216019630432,0.09252457320690155,0.5828127861022949,0.16291770339012146,0.09253042936325073,0.6132852435112,0.17317208647727966,-0.08752898126840591,0.6036540865898132,0.1741274893283844,0.24511495232582092,0.5692996382713318,0.18321934342384338,0.02308758720755577,0.5653396248817444,0.18475213646888733,0.11903063207864761,0.6330674290657043,0.24200734496116638,-0.302333265542984,0.580903172492981,0.26911476254463196,0.458827406167984,0.47056955099105835,0.21386170387268066,-0.36230766773223877,0.45668038725852966,0.2577919363975525,0.5685751438140869,0.46146151423454285,0.11192959547042847,-0.09959787130355835,0.46127673983573914,0.13365581631660461,0.555838942527771,0.46148109436035156,0.08229637145996094,-0.12229500710964203,0.46053165197372437,0.10028192400932312,0.5425512790679932,0.4776401221752167,0.08100888133049011,-0.14637605845928192,0.47617676854133606,0.10029393434524536,0.5611931085586548,0.4817298948764801,0.09584030508995056,-0.10301951318979263,0.4788578450679779,0.11103197932243347,0.5492917895317078,0.616858184337616,0.4950922727584839,-0.23286104202270508,0.5647059679031372,0.48564639687538147,0.23292416334152222,0.595923662185669,0.6909841895103455,-0.38149434328079224,0.3434951901435852,0.5248160362243652,0.12617802619934082,0.6399717926979065,0.8940590620040894,-0.4436495304107666,0.3878070116043091,0.7051066756248474,0.23356950283050537,0.6788033843040466,0.9244359731674194,-0.4570249617099762,0.4154682159423828,0.7367305755615234,0.23885349929332733,0.5447543263435364,0.9548603892326355,-0.6847156882286072,0.2818818986415863,0.7483334541320801,0.1815953254699707
22.png,0.4944421648979187,0.19912847876548767,-0.02209971658885479,0.5093028545379639,0.18117175996303558,-0.06120672449469566,0.5144667029380798,0.18003171682357788,-0.06116103008389473,0.519981861114502,0.17897164821624756,-0.06116027384996414,0.5051708221435547,0.1832420527935028,0.0007333268877118826,0.5068778991699219,0.18344929814338684,0.0006771791959181428,0.5087147355079651,0.1835874319076538,0.0005173903773538768,0.5548310279846191,0.1890990138053894,-0.1377657800912857,0.5379554033279419,0.19344240427017212,0.14512838423252106,0.5072558522224426,0.21709150075912476,-0.043408069759607315,0.5005034804344177,0.22160100936889648,0.03818780183792114,0.6052222847938538,0.25604915618896484,-0.29300832748413086,0.5264841914176941,0.29992666840553284,0.32735997438430786,0.4235296845436096,0.2313583493232727,-0.39907535910606384,0.3735428750514984,0.28530967235565186,0.4359202980995178,0.301312655210495,0.1446557641029358,-0.22803544998168945,0.29492130875587463,0.16966897249221802,0.38633304834365845,0.27025628089904785,0.11045396327972412,-0.25812259316444397,0.2731708288192749,0.1390807032585144,0.3530994653701782,0.28704431653022766,0.10036593675613403,-0.2644190192222595,0.2857114374637604,0.13390928506851196,0.3532486855983734,0.2929442524909973,0.11727392673492432,-0.22705823183059692,0.2916252315044403,0.14433002471923828,0.3716527223587036,0.5968121886253357,0.6020967364311218,-0.18125639855861664,0.5258901119232178,0.5760869979858398,0.18091697990894318,0.5297939777374268,0.8555279970169067,-0.21030399203300476,0.2594568729400635,0.5997698307037354,0.034340858459472656,0.5542576909065247,1.044874668121338,-0.012659710831940174,0.21689720451831818,0.8182322978973389,0.22654613852500916,0.576180100440979,1.0788683891296387,0.0016229883767664433,0.25690481066703796,0.8620045185089111,0.23992371559143066,0.4722224175930023,1.1073174476623535,-0.18644802272319794,0.10582312196493149,0.8442693948745728,0.1470939964056015
23.png,0.5507222414016724,0.20651963353157043,0.0395328626036644,0.5615763664245605,0.18789458274841309,-0.013196640647947788,0.5654454827308655,0.1866159737110138,-0.013245612382888794,0.5695995688438416,0.18530812859535217,-0.013297121971845627,0.558463990688324,0.1890251338481903,0.06476669758558273,0.5602323412895203,0.18864494562149048,0.0647285133600235,0.5621453523635864,0.1881270408630371,0.06454872339963913,0.6028499007225037,0.1889168620109558,-0.1362878680229187,0.5947964787483215,0.19050350785255432,0.20922589302062988,0.5628548860549927,0.21982401609420776,0.00139904604293406,0.5577973127365112,0.223202645778656,0.10115420073270798,0.6516441106796265,0.24913692474365234,-0.3441402018070221,0.6101470589637756,0.2765422463417053,0.42873916029930115,0.4830172657966614,0.269837349653244,-0.4042048454284668,0.4644756019115448,0.2838870584964752,0.6524444222450256,0.45905256271362305,0.17271646857261658,-0.10418321192264557,0.41142332553863525,0.19924375414848328,0.7500942945480347,0.45600274205207825,0.14632576704025269,-0.11414843797683716,0.38591933250427246,0.19578519463539124,0.7634502649307251,0.47856414318084717,0.14373517036437988,-0.15041129291057587,0.40141382813453674,0.18969741463661194,0.7594853043556213,0.4800558090209961,0.15386635065078735,-0.10863111168146133,0.4159294366836548,0.18552225828170776,0.7386156320571899,0.6676939725875854,0.5234408974647522,-0.21003711223602295,0.6112798452377319,0.5121031403541565,0.20990043878555298,0.6896294355392456,0.7263237237930298,-0.3295656442642212,0.37027275562286377,0.5417104959487915,0.10272934287786484,0.697140097618103,0.938326358795166,-0.21964839100837708,0.36279207468032837,0.7177114486694336,0.3227534294128418,0.6970500946044922,0.9667066335678101,-0.21458882093429565,0.39044591784477234,0.7582287192344666,0.3400176465511322,0.6856947541236877,0.9735238552093506,-0.3861532211303711,0.23538751900196075,0.7396730184555054,0.29033365845680237
3.png,0.4858206808567047,0.35529986023902893,-0.011950618587434292,0.5049498081207275,0.3436790108680725,-0.0013387565268203616,0.5109557509422302,0.34351426362991333,-0.0014129659393802285,0.5171428322792053,0.34360361099243164,-0.0013912644935771823,0.4932985007762909,0.3447192907333374,0.028815776109695435,0.4914357364177704,0.3450227677822113,0.028661737218499184,0.4898681640625,0.3454020619392395,0.028485525399446487,0.5310078859329224,0.3489537835121155,0.04806528240442276,0.4988301694393158,0.3506854772567749,0.18586045503616333,0.49732422828674316,0.3642858862876892,0.002685016021132469,0.485552042722702,0.3662750720977783,0.042789362370967865,0.5480582118034363,0.38681966066360474,-0.08346627652645111,0.4544132947921753,0.4267767667770386,0.3208877742290497,0.48132193088531494,0.298309326171875,-0.23854082822799683,0.337671160697937,0.43288445472717285,0.3995037376880646,0.37795478105545044,0.2728138566017151,-0.13156616687774658,0.233656644821167,0.374383807182312,0.2825929522514343,0.34824419021606445,0.2779214382171631,-0.17234398424625397,0.21142181754112244,0.35930681228637695,0.2569984793663025,0.3336625099182129,0.2905904948711395,-0.14380043745040894,0.2204458862543106,0.35460165143013,0.2423572689294815,0.3382396399974823,0.29310745000839233,-0.12515026330947876,0.23301962018013,0.35688430070877075,0.2687351107597351,0.5419436693191528,0.5820136070251465,-0.14017783105373383,0.49346908926963806,0.5815401673316956,0.13989481329917908,0.5634943246841431,0.7142137885093689,-0.280782550573349,0.2802754044532776,0.5733755826950073,-0.15492326021194458,0.6078884601593018,0.8646571040153503,-0.17654715478420258,0.25046324729919434,0.7070257663726807,-0.06383220106363297,0.6242033839225769,0.8657861948013306,-0.17287832498550415,0.2659032642841339,0.731734037399292,-0.05924272909760475,0.592791736125946,0.8995869159698486,-0.3641590476036072,0.13748395442962646,0.7258688807487488,-0.17677919566631317
4.png,0.4976509213447571,0.25196048617362976,0.029906928539276123,0.5099156498908997,0.24556317925453186,9.771741315489635e-05,0.5126450657844543,0.24586138129234314,0.0001228064502356574,0.5153759121894836,0.245951846241951,8.554229862056673e-05,0.5080133080482483,0.24584904313087463,0.057153668254613876,0.5092398524284363,0.24651287496089935,0.05718434602022171,0.5104178786277771,0.24696509540081024,0.05715459957718849,0.5338680744171143,0.255200058221817,-0.07734313607215881,0.5259632468223572,0.25580355525016785,0.17802371084690094,0.5023841261863708,0.26342231035232544,0.003040550509467721,0.49936750531196594,0.26456740498542786,0.07657637447118759,0.5492385625839233,0.3072271943092346,-0.2510378956794739,0.5051975846290588,0.3279310464859009,0.35067084431648254,0.43617793917655945,0.2917778789997101,-0.2889571785926819,0.41573551297187805,0.3184558153152466,0.48478075861930847,0.4238623082637787,0.20462647080421448,-0.08005260676145554,0.41174083948135376,0.21544677019119263,0.5039749145507812,0.4231288731098175,0.18360501527786255,-0.09296058863401413,0.41497674584388733,0.18763771653175354,0.5018171072006226,0.43700119853019714,0.1849519908428192,-0.11526234447956085,0.42471998929977417,0.18764743208885193,0.5124763250350952,0.43770039081573486,0.19312581419944763,-0.08329056948423386,0.42539238929748535,0.1944519281387329,0.499510794878006,0.5326447486877441,0.5250644087791443,-0.1867675483226776,0.49342697858810425,0.516427755355835,0.18691134452819824,0.5216500163078308,0.6955569982528687,-0.3146422505378723,0.33574920892715454,0.5554975271224976,0.06153653934597969,0.5540953874588013,0.8715599179267883,-0.36683645844459534,0.3688000738620758,0.7076701521873474,0.16555865108966827,0.5770007967948914,0.8941854238510132,-0.37840864062309265,0.3942863941192627,0.7338003516197205,0.17123107612133026,0.4881743788719177,0.9250473976135254,-0.558458149433136,0.28955912590026855,0.7485467791557312,0.12951073050498962
5.png,0.5785102248191833,0.2108161449432373,-0.19284240901470184,0.5929135680198669,0.19888347387313843,-0.2142919898033142,0.5990869402885437,0.19909140467643738,-0.21433962881565094,0.6055415868759155,0.19910240173339844,-0.2143898755311966,0.582561194896698,0.19805291295051575,-0.16219432651996613,0.5815244913101196,0.19777977466583252,-0.16225609183311462,0.5805867910385132,0.1973332166671753,-0.16241614520549774,0.633127748966217,0.20440641045570374,-0.2044338583946228,0.6014288067817688,0.20255416631698608,0.036755722016096115,0.5904961824417114,0.22446903586387634,-0.18205119669437408,0.5779693126678467,0.2238452434539795,-0.11296648532152176,0.6679226756095886,0.25904035568237305,-0.35018473863601685,0.5980122089385986,0.25793302059173584,0.2713989019393921,0.5172327160835266,0.29603517055511475,-0.3997335731983185,0.45486050844192505,0.18516042828559875,0.359072208404541,0.4183703660964966,0.2757170796394348,-0.2211335450410843,0.3563084304332733,0.11950094252824783,0.25469544529914856,0.38496673107147217,0.27371466159820557,-0.24049067497253418,0.31784960627555847,0.10799708962440491,0.21180839836597443,0.39985594153404236,0.2632967233657837,-0.2479265034198761,0.31523290276527405,0.1059575080871582,0.19405609369277954,0.4121624827384949,0.26372483372688293,-0.21444502472877502,0.3327708840370178,0.1133427619934082,0.22918100655078888,0.6515709161758423,0.49096640944480896,-0.19300340116024017,0.557984471321106,0.47939014434814453,0.1923980414867401,0.7015683650970459,0.6591087579727173,-0.3434789478778839,0.3679744303226471,0.5644475221633911,0.4082569181919098,0.7422969341278076,0.8392605781555176,-0.40044334530830383,0.387437105178833,0.6607427597045898,0.8637391924858093,0.7618336081504822,0.8607737421989441,-0.4195905923843384,0.41687262058258057,0.6773279905319214,0.9008066058158875,0.6478067636489868,0.9034356474876404,-0.6972501873970032,0.3070206046104431,0.7141425609588623,0.8764931559562683
6.png,0.5217148661613464,0.16092494130134583,0.16410334408283234,0.5330852270126343,0.1479107141494751,0.10734961926937103,0.5349075794219971,0.14679983258247375,0.10722517222166061,0.5366615056991577,0.14561042189598083,0.10716470330953598,0.5335524082183838,0.15023726224899292,0.17575687170028687,0.5357797145843506,0.15086889266967773,0.17574617266654968,0.5380655527114868,0.15135174989700317,0.1756482869386673,0.5538756847381592,0.15099334716796875,-0.04641363397240639,0.5581390857696533,0.15575483441352844,0.260436087846756,0.5258890986442566,0.16831451654434204,0.11715277284383774,0.5257136821746826,0.17247739434242249,0.20539413392543793,0.5514930486679077,0.19443640112876892,-0.2746986448764801,0.620596170425415,0.24594780802726746,0.45382681488990784,0.49417659640312195,0.264698326587677,-0.28891226649284363,0.6635783910751343,0.3356612026691437,0.6686169505119324,0.3648439347743988,0.2905855178833008,-0.009216727688908577,0.5770999789237976,0.3802180290222168,0.7482833862304688,0.3324883282184601,0.2971881628036499,-0.01230655238032341,0.5720679759979248,0.3903241455554962,0.7692009806632996,0.33359941840171814,0.29260140657424927,-0.005079042632132769,0.5580763220787048,0.3832724392414093,0.7224653959274292,0.34497520327568054,0.2919679582118988,0.007650081533938646,0.5652751326560974,0.38058358430862427,0.725149393081665,0.5612874627113342,0.45495638251304626,-0.22701945900917053,0.5366149544715881,0.45545223355293274,0.22648736834526062,0.5560453534126282,0.640108048915863,-0.3585871458053589,0.31261688470840454,0.4970320165157318,0.11209648102521896,0.5948742032051086,0.8246454000473022,-0.2507651746273041,0.3350437581539154,0.6576798558235168,0.3312341570854187,0.6191128492355347,0.8457343578338623,-0.24221034348011017,0.37670040130615234,0.6848516464233398,0.3494769334793091,0.5204820036888123,0.8984126448631287,-0.4077141582965851,0.2864362895488739,0.7340878844261169,0.3144306242465973
7.png,0.5604037046432495,0.27807268500328064,-0.21400567889213562,0.5731934905052185,0.26760634779930115,-0.25356680154800415,0.5759881138801575,0.26795345544815063,-0.2535167932510376,0.5791335701942444,0.26821190118789673,-0.2534540891647339,0.5707694292068481,0.2673628628253937,-0.19614413380622864,0.5713462233543396,0.26745668053627014,-0.19621774554252625,0.5719143748283386,0.2673242390155792,-0.19635678827762604,0.5992395281791687,0.2756400406360626,-0.3334989845752716,0.5852974653244019,0.2715636193752289,-0.0708552747964859,0.5674598813056946,0.291728675365448,-0.23725438117980957,0.5620521903038025,0.29129958152770996,-0.16124984622001648,0.6174988150596619,0.3302727937698364,-0.4572431445121765,0.5739081501960754,0.32477298378944397,0.0919191986322403,0.48976054787635803,0.32540854811668396,-0.583314061164856,0.44413095712661743,0.27539554238319397,0.1794813871383667,0.45362910628318787,0.30008047819137573,-0.592345118522644,0.35385197401046753,0.20481199026107788,-0.0016190087189897895,0.4375949501991272,0.2929746210575104,-0.6569861769676208,0.3297472596168518,0.18520012497901917,-0.03943014144897461,0.4536251425743103,0.2899816632270813,-0.6584164500236511,0.33098575472831726,0.18190771341323853,-0.08682578802108765,0.45035821199417114,0.2864643335342407,-0.5957071781158447,0.34008270502090454,0.1876184642314911,-0.03420907258987427,0.587733805179596,0.5557767748832703,-0.18640273809432983,0.5268630385398865,0.5308284759521484,0.18595661222934723,0.5848692655563354,0.728651225566864,-0.2747552990913391,0.32960471510887146,0.5535020232200623,0.1116631031036377,0.6085382103919983,0.9059683084487915,-0.22000375390052795,0.3202359676361084,0.6881185173988342,0.3297414481639862,0.6285208463668823,0.9221685528755188,-0.22523263096809387,0.34571176767349243,0.711281418800354,0.34426745772361755,0.5556268692016602,0.9668818712234497,-0.4538772404193878,0.23324242234230042,0.7219147086143494,0.28647950291633606
8.png,0.5042726397514343,0.22340749204158783,-0.03692449629306793,0.522953987121582,0.21170367300510406,-0.06191551312804222,0.5274292826652527,0.212021604180336,-0.06186765059828758,0.5320902466773987,0.21239715814590454,-0.06191606447100639,0.5176023840904236,0.21134230494499207,0.00483194924890995,0.518065869808197,0.21142515540122986,0.004912930075079203,0.5186054706573486,0.21133965253829956,0.004810974933207035,0.5548089742660522,0.22212828695774078,-0.10184584558010101,0.5370506644248962,0.21946342289447784,0.2041347175836563,0.5130794644355774,0.2365017533302307,-0.04827791452407837,0.50600266456604,0.23474359512329102,0.03849910572171211,0.5913201570510864,0.28682130575180054,-0.2964361906051636,0.4916994869709015,0.2881137430667877,0.41418731212615967,0.5422022342681885,0.22499604523181915,-0.523370087146759,0.3655148446559906,0.23654158413410187,0.6403958797454834,0.49493589997291565,0.16948506236076355,-0.350351482629776,0.41400763392448425,0.17008906602859497,0.8868085741996765,0.46989062428474426,0.16290152072906494,-0.383797287940979,0.4343414008617401,0.16424891352653503,0.893555223941803,0.473073810338974,0.16278651356697083,-0.39524927735328674,0.4414929747581482,0.16385698318481445,0.9259069561958313,0.4783150553703308,0.16504061222076416,-0.35085394978523254,0.4397079646587372,0.16592621803283691,0.8927674293518066,0.5228086709976196,0.5042098760604858,-0.23442569375038147,0.4592704474925995,0.4890359342098236,0.23423297703266144,0.5447410941123962,0.6646937727928162,-0.4714394807815552,0.20600256323814392,0.5082762241363525,-0.005138418637216091,0.6005958318710327,0.8381854891777039,-0.5312822461128235,0.19937251508235931,0.6606656312942505,0.11596152931451797,0.6293889284133911,0.863507091999054,-0.5422598719596863,0.22564534842967987,0.6939579248428345,0.12376763671636581,0.5384421944618225,0.8712028861045837,-0.7814573049545288,0.06823435425758362,0.6852450370788574,0.03163667768239975
9.png,0.5005114674568176,0.18895727396011353,-0.0944741815328598,0.5219550132751465,0.1828310638666153,-0.13325971364974976,0.5259398818016052,0.1835383176803589,-0.13325223326683044,0.5301980972290039,0.1842036247253418,-0.13326510787010193,0.517918050289154,0.183026522397995,-0.05958176404237747,0.5185432434082031,0.18381978571414948,-0.05949633568525314,0.5192137956619263,0.18448325991630554,-0.05960940942168236,0.549572765827179,0.19642141461372375,-0.2273222655057907,0.5331487655639648,0.19387619197368622,0.10383570194244385,0.5008112192153931,0.2016374170780182,-0.12636922299861908,0.4945853352546692,0.20204925537109375,-0.030254680663347244,0.5652069449424744,0.25517845153808594,-0.40633389353752136,0.4840499758720398,0.2641420066356659,0.2816404402256012,0.3580416440963745,0.21087920665740967,-0.5854454040527344,0.31723928451538086,0.21476247906684875,0.33897000551223755,0.3391154408454895,0.13038671016693115,-0.5666733384132385,0.3045681416988373,0.11927202343940735,0.161924347281456,0.34274065494537354,0.10191148519515991,-0.6401854753494263,0.30988138914108276,0.10094211250543594,0.12074092030525208,0.37401437759399414,0.1087895929813385,-0.6460788249969482,0.338279128074646,0.09785603731870651,0.10543065518140793,0.37339887022972107,0.1144576370716095,-0.5727099776268005,0.34151697158813477,0.10696685314178467,0.139068141579628,0.5568387508392334,0.482377827167511,-0.20096825063228607,0.4627414345741272,0.4666082262992859,0.20091748237609863,0.5656422972679138,0.6592762470245361,-0.34694698452949524,0.2476496547460556,0.5152121782302856,0.032310619950294495,0.5585726499557495,0.8290651440620422,-0.3387826979160309,0.2608129680156708,0.653643786907196,0.295632928609848,0.5759887099266052,0.8523720502853394,-0.3518901765346527,0.2886670231819153,0.6844750046730042,0.3130533695220947,0.5185072422027588,0.8768049478530884,-0.6195933818817139,0.14227300882339478,0.6860989928245544,0.22808781266212463
f1.png,0.5321773290634155,0.3366892635822296,-0.10263844579458237,0.5176205635070801,0.32330259680747986,-0.06404262781143188,0.5153880715370178,0.32294565439224243,-0.06395039707422256,0.512964129447937,0.32253220677375793,-0.063902847468853,0.5155588388442993,0.3235745131969452,-0.13328780233860016,0.5122503638267517,0.3234151601791382,-0.13333375751972198,0.5087550282478333,0.32322853803634644,-0.13341747224330902,0.4935189187526703,0.3292495608329773,0.1129063218832016,0.488361120223999,0.3300962746143341,-0.2093323916196823,0.5255153775215149,0.3491727411746979,-0.0350075289607048,0.5220965147018433,0.34941402077674866,-0.1292145699262619,0.4926894009113312,0.3991086184978485,0.302963525056839,0.4565417468547821,0.4028937518596649,-0.32618317008018494,0.533638060092926,0.4223164916038513,0.6816592216491699,0.3345782160758972,0.4635750353336334,-0.44999298453330994,0.5905351638793945,0.3936944305896759,0.965820848941803,0.315713107585907,0.5660825371742249,-0.4079289138317108,0.6051249504089355,0.382241427898407,1.0417953729629517,0.30705904960632324,0.5891086459159851,-0.4261273741722107,0.6098840832710266,0.3804982602596283,0.9983111023902893,0.3148667812347412,0.5907305479049683,-0.4289439916610718,0.5962529182434082,0.38561755418777466,0.9519255757331848,0.322698712348938,0.5837697982788086,-0.4047011733055115,0.47534775733947754,0.6179053783416748,0.17325752973556519,0.42691054940223694,0.6150881052017212,-0.17351935803890228,0.6152719855308533,0.7343294620513916,0.1353963315486908,0.3076428174972534,0.7306510210037231,-0.20407216250896454,0.7196896076202393,0.8444661498069763,0.189535990357399,0.10203328728675842,0.8221352696418762,-0.07338349521160126,0.7198820114135742,0.8672263622283936,0.18767376244068146,0.07979971170425415,0.8217487335205078,-0.0621001198887825,0.8115586638450623,0.8521000146865845,0.0906931459903717,0.06771713495254517,0.8831498622894287,-0.18732689321041107
f2.png,0.4251777231693268,0.23568330705165863,-0.22930048406124115,0.44637009501457214,0.2156427800655365,-0.2773444354534149,0.4506835341453552,0.2173009216785431,-0.2773580849170685,0.4550651013851166,0.2190549373626709,-0.27745121717453003,0.4439395070075989,0.2127431333065033,-0.19250458478927612,0.4464651048183441,0.2124292552471161,-0.1925441175699234,0.44914063811302185,0.21208958327770233,-0.1926584243774414,0.4924139082431793,0.2371940016746521,-0.39750033617019653,0.4837809205055237,0.2300626039505005,-0.030927443876862526,0.4326813519001007,0.2602025866508484,-0.26633450388908386,0.4286483824253082,0.25849220156669617,-0.1595306247472763,0.5336359739303589,0.3840655982494354,-0.5567266941070557,0.479791522026062,0.34130340814590454,0.2416294664144516,0.5102079510688782,0.5619708299636841,-0.5483720302581787,0.4055761694908142,0.47581008076667786,0.39862263202667236,0.40624842047691345,0.6976572275161743,-0.4381641447544098,0.2938362658023834,0.5525739789009094,0.3149547278881073,0.3794366717338562,0.7338041663169861,-0.505137026309967,0.24131405353546143,0.5706849098205566,0.3134017288684845,0.35600194334983826,0.7271953821182251,-0.5069169998168945,0.23438692092895508,0.5721970200538635,0.24086931347846985,0.36290642619132996,0.7117801904678345,-0.4315189719200134,0.25044649839401245,0.5692122578620911,0.27806079387664795,0.47786492109298706,0.6527864336967468,-0.2255251556634903,0.47955259680747986,0.6428776979446411,0.22525203227996826,0.24558107554912567,0.8233860731124878,-0.29675495624542236,0.4289427101612091,0.8746805787086487,0.23047302663326263,0.24087531864643097,1.0203876495361328,-0.003118514781817794,0.6771091222763062,0.9266431331634521,0.4007892906665802,0.26020678877830505,1.0492680072784424,0.023401198908686638,0.7190039753913879,0.9080379009246826,0.42007485032081604,0.1367000937461853,1.093540072441101,-0.03390927240252495,0.7744842767715454,0.9913240671157837,0.3577048182487488
f3.png,0.4422164857387543,0.282451331615448,-0.2867279052734375,0.4626690745353699,0.27022796869277954,-0.3273046612739563,0.4670732915401459,0.27114319801330566,-0.32731929421424866,0.47200635075569153,0.2721322476863861,-0.3273949921131134,0.46134528517723083,0.26862195134162903,-0.23823775351047516,0.4645671248435974,0.2684454023838043,-0.23838971555233002,0.4684877097606659,0.2684139311313629,-0.2384909689426422,0.5023244619369507,0.2864885926246643,-0.42481914162635803,0.4953535497188568,0.2824886441230774,-0.03351743519306183,0.44688528776168823,0.29989945888519287,-0.3168804347515106,0.4447001814842224,0.29800504446029663,-0.20290200412273407,0.5557851195335388,0.3807466924190521,-0.5651862621307373,0.44637665152549744,0.35877296328544617,0.23055601119995117,0.6269092559814453,0.5056701898574829,-0.7214139103889465,0.26176151633262634,0.3737258315086365,0.34974825382232666,0.4826555550098419,0.5529550909996033,-0.8777404427528381,0.14716556668281555,0.2900518774986267,0.1592024713754654,0.44305768609046936,0.5665924549102783,-0.9823683500289917,0.11521565914154053,0.27590349316596985,0.12755975127220154,0.4336336851119995,0.5528755784034729,-0.9854702949523926,0.1191059947013855,0.2665342688560486,0.06395116448402405,0.4448646903038025,0.5477877855300903,-0.876721978187561,0.13267910480499268,0.2723240554332733,0.11837026476860046,0.4993250370025635,0.618746817111969,-0.2576674520969391,0.48791009187698364,0.614383339881897,0.25802090764045715,0.31391641497612,0.7530120611190796,-0.22771714627742767,0.5426135659217834,0.7903209328651428,0.6149441003799438,0.2922170162200928,0.9323227405548096,-0.12892389297485352,0.7337469458580017,0.7529950141906738,1.125331997871399,0.31867432594299316,0.9561588764190674,-0.12690608203411102,0.7139593362808228,0.723892867565155,1.1791250705718994,0.18157368898391724,0.9652314782142639,-0.30643340945243835,0.7454221248626709,0.7895061373710632,1.1877098083496094
f4.png,0.3769271969795227,0.22704364359378815,-0.12366974353790283,0.3606172502040863,0.2138773798942566,-0.09014018625020981,0.3592884838581085,0.21365422010421753,-0.09003452211618423,0.3578386902809143,0.21348056197166443,-0.09003619849681854,0.3559117615222931,0.21571913361549377,-0.1635102480649948,0.3516661524772644,0.2166614681482315,-0.16359926760196686,0.3472135066986084,0.21753452718257904,-0.1637784093618393,0.33511441946029663,0.22468075156211853,0.07330141216516495,0.3225421607494354,0.22932377457618713,-0.25764188170433044,0.3770724833011627,0.24229763448238373,-0.056312739849090576,0.3716306686401367,0.24346762895584106,-0.15240734815597534,0.35027265548706055,0.2907565236091614,0.2906641960144043,0.29174521565437317,0.32814106345176697,-0.36856594681739807,0.4411236643791199,0.23370757699012756,0.5570230484008789,0.268399178981781,0.46405065059661865,-0.4882199466228485,0.5179630517959595,0.16561949253082275,0.7058072090148926,0.40840035676956177,0.5025119781494141,-0.4699592888355255,0.5306429862976074,0.1528158187866211,0.7388514876365662,0.4445897936820984,0.5098316669464111,-0.49389731884002686,0.53199702501297,0.15410518646240234,0.7241725921630859,0.44918379187583923,0.4930874705314636,-0.4972091615200043,0.5251302719116211,0.1613314151763916,0.6980265974998474,0.43870317935943604,0.4890199899673462,-0.45965009927749634,0.37517884373664856,0.5464869737625122,0.20566469430923462,0.3696051239967346,0.5514007806777954,-0.2060980498790741,0.3579995632171631,0.7126155495643616,0.34553593397140503,0.530817985534668,0.6976025104522705,-0.25106918811798096,0.19916297495365143,0.6591763496398926,0.6706494092941284,0.5806677341461182,0.8737382888793945,-0.09289689362049103,0.18100863695144653,0.6335129737854004,0.701708197593689,0.5624468326568604,0.8984528183937073,-0.0758829414844513,0.13539686799049377,0.6941685676574707,0.6726378202438354,0.6747599840164185,0.9005278944969177,-0.1907159388065338
f5.png,0.5181044340133667,0.18696025013923645,-0.015767745673656464,0.505433976650238,0.1755768060684204,0.018914058804512024,0.5042233467102051,0.17512717843055725,0.01902826502919197,0.5030648112297058,0.1747940182685852,0.019057415425777435,0.5019323825836182,0.1773873269557953,-0.056870803236961365,0.4985194504261017,0.17819643020629883,-0.05698871240019798,0.49516627192497253,0.17914503812789917,-0.057167816907167435,0.48244497179985046,0.184842050075531,0.18027934432029724,0.4741039574146271,0.1897747814655304,-0.1611570119857788,0.5160799026489258,0.19993598759174347,0.050400856882333755,0.5119730234146118,0.2023487240076065,-0.04881935566663742,0.4904863238334656,0.26455560326576233,0.3655080199241638,0.46409282088279724,0.2914871275424957,-0.2999367117881775,0.5868564248085022,0.20871105790138245,0.5984165072441101,0.4049460291862488,0.4092102646827698,-0.4103390872478485,0.6754806041717529,0.15191876888275146,0.7555578351020813,0.503329336643219,0.4570106863975525,-0.3313094675540924,0.6953256130218506,0.12549418210983276,0.7890801429748535,0.5312603712081909,0.46753448247909546,-0.3426666259765625,0.6961957812309265,0.1246778666973114,0.769662082195282,0.5396914482116699,0.4541117250919342,-0.3531254529953003,0.6897456645965576,0.13569802045822144,0.7449406385421753,0.5296362638473511,0.45006832480430603,-0.3246322572231293,0.5021910071372986,0.5382174849510193,0.2120482176542282,0.5089340806007385,0.545099139213562,-0.21240857243537903,0.5269841551780701,0.7016987204551697,0.27996930480003357,0.6058555841445923,0.7165647149085999,-0.2694021761417389,0.34295573830604553,0.6879083514213562,0.5430418252944946,0.6474789977073669,0.902070939540863,-0.11706472933292389,0.34181588888168335,0.6426804661750793,0.5675375461578369,0.6277266144752502,0.9328359365463257,-0.10072936117649078,0.278983473777771,0.7014154195785522,0.5348962545394897,0.7383096218109131,0.9459987282752991,-0.2115713655948639
f6.png,0.4441108703613281,0.12249258160591125,-0.04183521121740341,0.4617064893245697,0.10729965567588806,-0.09410369396209717,0.4661675691604614,0.10758396983146667,-0.09406830370426178,0.4708642065525055,0.10770097374916077,-0.09408356249332428,0.45835158228874207,0.1064043939113617,-0.010935836471617222,0.4603145122528076,0.10614511370658875,-0.011099702678620815,0.46246153116226196,0.1055888831615448,-0.011199245229363441,0.5076701045036316,0.11845612525939941,-0.21449999511241913,0.49692636728286743,0.11440807580947876,0.1504235714673996,0.4508093297481537,0.13927578926086426,-0.07884226739406586,0.4456287622451782,0.1390952169895172,0.026509130373597145,0.5444418787956238,0.22308723628520966,-0.40333524346351624,0.4830465614795685,0.21142137050628662,0.40684837102890015,0.4667013883590698,0.343761146068573,-0.34788012504577637,0.3941246271133423,0.2934595048427582,0.3279016315937042,0.32881981134414673,0.2627108693122864,0.03507808968424797,0.2957395911216736,0.22400327026844025,-0.04908003285527229,0.29095426201820374,0.24015769362449646,0.04991747811436653,0.26744937896728516,0.2004179060459137,-0.0987618938088417,0.3061562776565552,0.2283424288034439,0.05738147720694542,0.2755633592605591,0.18817055225372314,-0.0979609340429306,0.3191392123699188,0.23435291647911072,0.0590820387005806,0.28869932889938354,0.19565322995185852,-0.06895152479410172,0.4749969244003296,0.45750588178634644,-0.25730741024017334,0.4371364414691925,0.44294634461402893,0.2572205066680908,0.3112673759460449,0.620018482208252,-0.22810064256191254,0.1882959008216858,0.5308606028556824,0.20935939252376556,0.34704792499542236,0.8188304305076599,-0.08889751136302948,0.48728033900260925,0.5401132702827454,0.6218753457069397,0.3767533302307129,0.8472216129302979,-0.08327305316925049,0.517501950263977,0.5253216028213501,0.6653220653533936,0.22849906980991364,0.855750560760498,-0.23746411502361298,0.5314685106277466,0.6012818813323975,0.7192798256874084
f7.png,0.26910462975502014,0.09864520281553268,-0.09465128183364868,0.28720590472221375,0.08406969904899597,-0.13811664283275604,0.2912370562553406,0.08567309379577637,-0.13831210136413574,0.29555439949035645,0.08707866072654724,-0.13847674429416656,0.28385981917381287,0.08102637529373169,-0.05646441504359245,0.2851882576942444,0.0804608166217804,-0.056324902921915054,0.2869022786617279,0.07987046241760254,-0.056211937218904495,0.32279202342033386,0.10365018248558044,-0.24880863726139069,0.3120928406715393,0.09788251668214798,0.12067708373069763,0.27474385499954224,0.12340560555458069,-0.1337040811777115,0.27035197615623474,0.12091508507728577,-0.027112150564789772,0.3766340911388397,0.21382251381874084,-0.42681336402893066,0.3160240054130554,0.20731417834758759,0.34412604570388794,0.5347099304199219,0.3072458505630493,-0.5201209187507629,0.4094794988632202,0.3167956471443176,0.4657233953475952,0.48497796058654785,0.43110373616218567,-0.4477947950363159,0.38118040561676025,0.41800040006637573,0.34331971406936646,0.48316481709480286,0.4591241180896759,-0.5072474479675293,0.37696969509124756,0.4434710144996643,0.33249631524086,0.4619293510913849,0.455495148897171,-0.49120062589645386,0.3714262843132019,0.44293540716171265,0.2710833251476288,0.4594065546989441,0.4473133087158203,-0.4322052299976349,0.3716452717781067,0.4349997043609619,0.31036585569381714,0.4097476005554199,0.5010542273521423,-0.22930693626403809,0.34752729535102844,0.5027856230735779,0.22924204170703888,0.5676824450492859,0.6963024139404297,-0.35557931661605835,0.11090871691703796,0.6401168704032898,-0.05937482789158821,0.7887850999832153,0.8600555062294006,-0.315815269947052,0.10865411162376404,0.8599601984024048,0.018232597038149834,0.8420106172561646,0.8701180219650269,-0.3163936734199524,0.13412655889987946,0.8982314467430115,0.018293319270014763,0.7570532560348511,0.940552294254303,-0.5145555734634399,0.005881756544113159,0.8879967927932739,-0.07330150902271271
f8.png,0.4418547451496124,0.14557820558547974,-0.1467238813638687,0.43367671966552734,0.13089749217033386,-0.10912006348371506,0.4336966872215271,0.12993448972702026,-0.10918337851762772,0.4341048002243042,0.12874051928520203,-0.10917453467845917,0.42722615599632263,0.1312870979309082,-0.17484737932682037,0.42228949069976807,0.1307578682899475,-0.1748722493648529,0.4175398349761963,0.13016349077224731,-0.17496804893016815,0.4174492061138153,0.13064613938331604,0.08691000938415527,0.3931380808353424,0.13379141688346863,-0.20745491981506348,0.43806222081184387,0.1590760052204132,-0.06813503801822662,0.4279893934726715,0.1603945791721344,-0.15314914286136627,0.3956041932106018,0.22261084616184235,0.35422345995903015,0.34857940673828125,0.2376483827829361,-0.31910809874534607,0.407852441072464,0.3250391483306885,0.5775162577629089,0.21674874424934387,0.32565706968307495,-0.3974934220314026,0.44453132152557373,0.38943177461624146,0.5276862382888794,0.1643524169921875,0.45231932401657104,-0.4012700915336609,0.47142136096954346,0.4121844172477722,0.5324053764343262,0.14014042913913727,0.47360047698020935,-0.4525824785232544,0.46980106830596924,0.40519025921821594,0.46430206298828125,0.16248023509979248,0.47494375705718994,-0.46638739109039307,0.46210724115371704,0.4005679190158844,0.49571046233177185,0.17245832085609436,0.46898403763771057,-0.4031296968460083,0.35584402084350586,0.4998469352722168,0.224928081035614,0.33499765396118164,0.5046060085296631,-0.22488880157470703,0.41062131524086,0.686887264251709,0.046606458723545074,0.43441957235336304,0.6538170576095581,-0.24387530982494354,0.3248586654663086,0.8506344556808472,0.036033276468515396,0.28302663564682007,0.8191626071929932,-0.1272706538438797,0.28801900148391724,0.8764700293540955,0.02581598423421383,0.23392651975154877,0.836580216884613,-0.12048057466745377,0.39694732427597046,0.8996659517288208,-0.09360453486442566,0.33438169956207275,0.8876122236251831,-0.22122952342033386
